CUSTOMER_ID,NAME,EMAIL,CITY,MEMBER_SINCE
C001,Marco Bianchi,m.bianchi@email.com,Bologna,2024-01-15
C002,Giulia Rossi,giulia.rossi@email.com,Rome,2023-05-30
C003,Alessandro Verdi,ale.verdi@email.com,Naples,2024-03-10
C005,Luca Gialli,luca.gialli@email.com,Milan,2024-09-01
C006,Sara Bruno,s.bruno@newmail.it,Rome,2023-07-20
C007,Davide Costa,davide.costa@email.com,Florence,2024-10-05
C008,Elena Esposito,e.esposito@email.com,Palermo,2025-10-24